Taurion,Free To Play
Project Existence,Free
天仙变,Free
Broll Demo,Free Demo
新魔剑（New Magic Sword）,Free
Star Conflict - Plague doctor,RM77.99
Star Conflict - Plague doctor (Deluxe Edition),RM174.49
GOD OF FLAME,Free To Play
Eudemons Online,Free
World of Soccer RELOADED,Free To Play
Battle Star,Free
TERA Battle Arena - Elleon Hero DLC,Free
仙魔令,Free
Oasis VR,Free To Play
Gerritory,RM19.50
刺沙,Free
Streatham Hill Stories,RM12.50
狼牙传（Legendary Assassin）,Free
VALHALL: Harbinger - Pre-Beta Testing,RM51.00
Star Conflict - Black Ghost (Deluxe Edition),RM106.99
封天盛世,Free To Play
Battlefield V,RM249.00
Aster fpv,RM39.00
天祭,Free
Beyond The Wire,RM59.00
Survivor Pass: Highlands,RM39.99
Werewolves Online,RM12.50
Deranged Park Rangers,Free To Play
Blood of Steel,Free To Play
Matts Project Zombies Official Soundtrack,
修仙传挂机版,Free
幻刃录,Free
WWII: Rising,Free To Play
War Of Gods,Free To Play
REBORN: Survival,
Star Conflict - Starter Pack. Dainsleif,RM22.80
Star Conflict - Starter Pack. Pterosaur,RM22.80
墨武群侠(Tale of MoWu),Free To Play
Tenami,Free
ARCADE,RM8.50
RuneScape Starter Pack,RM49.99
RuneScape Max Pack,RM469.99
RuneScape Standard Pack,RM139.99
RuneScape ®,Free To Play
Cartoon Strike,Free To Play
EVE Online: Blazing Phoenix Pack,RM204.96
EVE Online: Ascendant Phoenix Pack,RM81.95
Don't Fall,RM21.50
Project Amalthea: Battlegrounds - Scientist Pack,RM23.50
Project Amalthea: Battlegrounds - Warrior Pack,RM12.50
